Channel_LID_IPTV,Name,Channel_ID,Prodaction_Status,Main_Source _Multicast,Streamer_IN_Multicast,Streamer_OUT
0,Euronews_Georgia,397,YES,237.7.7.178:17178,237.7.7.178:17178,233.3.3.217:3217
0,Euronews_Georgia,479,YES,237.7.7.178:17178,237.7.7.177:17177,233.3.4.51:4051
1,First_Channel_HD,826,YES,237.7.7.244:10244,237.7.7.244:10244,233.3.4.180:4180
1,First_Channel,485,YES,237.7.7.244:10244,237.7.7.246:10246,233.3.4.57:4057
2,First_Channel_Sport,376,YES,237.7.7.179:10179,237.7.7.179:10179,233.3.3.200:3200
2,First_Channel_Sport,486,YES,237.7.7.179:10179,237.7.7.179:10179,233.3.4.58:4058
3,Silk_Hollywood_Movies,1069,YES,237.7.171.52:17152,228.141.1.71:7111,233.3.3.220:3220
3,Silk_Hollywood_Movies,534,YES,237.7.171.52:17152,237.7.171.52:17152,233.3.4.104:4104
4,Silk_Movie_Collection,1070,YES,237.7.171.58:17158,228.141.1.71:7112,233.3.3.221:3221
4,Silk_Movie_Collection,596,YES,237.7.171.58:17158,237.7.171.58:17158,233.3.4.163:4163
5,Silk_Sport_1,528,YES,237.7.171.79:17179,237.7.171.79:18179,233.3.4.99:4099
5,Silk_Sport_HD_1,527,YES,237.7.171.79:17179,237.7.171.79:17179,233.3.4.98:4098
6,Silk_Sport_2,652,YES,237.7.171.80:17180,237.7.171.80:18180,233.3.4.184:4184
6,Silk_Sport_HD_2,532,YES,237.7.171.80:17180,237.7.171.80:17180,233.3.4.102:4102
7,Silk_Sport_HD_3,634,YES,237.7.171.81:17181,237.7.171.81:17181,233.3.4.168:4168
7,Silk_Sport_3,653,YES,237.7.171.81:17181,237.7.171.81:18181,233.3.4.185:4185
8,Silk_Kids,1071,YES,237.7.171.54:17154,228.141.1.71:7113,233.3.3.223:3223
8,Silk_Kids,533,YES,237.7.171.54:17154,237.7.171.54:17154,233.3.4.103:4103
9,Silk_Universal,812,YES,237.7.171.82:17182,237.7.171.82:18182,233.3.4.13:4013
9,Silk_Universal,813,YES,237.7.171.82:17182,237.7.171.82:17182,233.3.4.225:4225
10,TV_Pirveli,612,YES,237.7.7.87:10087,228.141.1.71:7101,233.3.4.254:4254
10,TV_Pirveli,897,YES,237.7.7.87:10087,237.7.7.87:10087,233.3.3.102:3102
11,Palitranews,775,YES,237.7.7.137:10137,237.7.7.137:10137,233.3.3.16:3016
12,POS_TV,838,YES,237.7.7.223:17223,237.7.7.223:17223,233.3.5.70:5070
12,POS_TV,109,YES,237.7.7.223:17223,228.141.1.71:7118,233.3.5.109:5109
13,Kavkasia,367,YES,237.7.7.218:17218,237.7.7.218:17218,233.3.3.193:3193
13,Kavkasia,492,YES,237.7.7.218:17218,237.7.7.218:17218,233.3.4.64:4064
14,Adjara_TV,341,YES,237.7.7.215:17215,228.141.1.71:7131,233.3.3.167:3167
14,Adjara_TV,493,YES,237.7.7.215:17215,228.141.1.71:7131,233.3.4.65:4065
15,Voice_of_Abkhazia,570,YES,237.7.7.210:10210,237.7.7.210:10210,233.3.4.138:4138
16,Ertsulovneba,496,NO,237.7.7.108:17108,,233.3.4.68:4068
16,Ertsulovneba,379,YES,237.7.7.108:17108,237.7.7.108:17108,233.3.3.203:3203
17,Georgian_Channel,1072,YES,237.7.7.163:10163,237.7.7.163:10163,233.3.3.240:3240
17,Georgian_Channel,745,YES,237.7.7.163:10163,237.7.7.163:10163,233.3.4.247:4247
18,Enki_Benki,1073,YES,237.7.7.109:17109,237.7.7.109:17109,233.3.3.241:3241
18,Enki_Benki,678,YES,237.7.7.109:17109,237.7.7.109:17109,233.3.4.235:4235
19,Artarea,1074,YES,237.7.7.72:10072,237.7.7.72:10072,233.3.3.242:3242
19,Artarea,835,YES,237.7.7.72:10072,237.7.7.72:10072,233.3.4.83:4083
20,Setanta_Sports_1,890,YES,237.7.7.240:17240,237.7.7.240:17240,233.3.5.241:5241
21,Setanta_Sports_2,597,YES,237.7.7.241:17241,237.7.7.241:17241,233.3.4.164:4164
22,Agro_TV,303,YES,237.7.7.198:10198,237.7.7.198:10198,233.3.5.49:5049
23,Rustavi_2,808,YES,237.7.7.106:10106,237.7.7.106:10106,233.3.4.37:4037
23,Rustavi_2,809,YES,237.7.7.106:10106,237.7.7.105:10105,233.3.4.38:4038
24,Setanta_Sports_3,920,YES,237.7.7.192:17192,237.7.7.192:17192,233.3.3.87:3087
29,ESPRESO,929,YES,225.0.7.144:10144,228.144.1.77:7706,233.3.3.107:3107
29,ESPRESO,928,YES,225.0.7.144:10144,225.0.7.144:10144,233.3.3.106:3106
30,CNN,327,YES,226.0.1.161:10161,226.0.1.161:10161,233.3.3.153:3153
30,CNN,480,YES,226.0.1.161:10161,228.141.1.71:7139,233.3.4.52:4052
31,BBC_News,483,YES,226.0.1.151:10151,228.142.1.73:7319,233.3.4.55:4055
31,BBC_News,363,YES,226.0.1.151:10151,226.0.1.151:10151,233.3.3.189:3189
32,Free_Channel,294,YES,237.7.7.29:17029,237.7.7.29:17029,233.3.3.122:3122
33,Bloomberg,170,YES,226.0.1.194:10194,228.142.1.73:7303,233.3.3.4:3004
33,Bloomberg,462,YES,226.0.1.194:10194,228.142.1.73:7303,233.3.4.34:4034
34,CNBC_Europe,589,YES,237.5.5.44:10044,228.141.1.71:7148,233.3.4.157:4157
34,CNBC_Europe,168,YES,237.5.5.44:10044,237.5.5.44:10044,233.3.4.93:4093
35,France_24_HD,737,YES,237.5.5.95:10095,237.5.5.95:10095,233.3.4.12:4012
36,France_24,365,YES,237.5.5.95:10095,228.141.1.71:7103,233.3.3.191:3191
36,France_24,576,YES,237.5.5.95:10095,228.141.1.71:7103,233.3.4.144:4144
37,Deutsche_Welle,364,YES,226.0.5.110:40110,226.0.5.110:40110,233.3.3.190:3190
39,Maestro_DVB_T2,705,NO,,237.5.5.34:10034,233.3.5.29:5029
44,National_Geographic,269,YES,226.0.1.156:10156,226.0.1.156:10156,233.3.3.100:3100
44,National_Geographic,460,YES,226.0.1.156:10156,228.143.1.75:7528,233.3.4.32:4032
45,Nat_Geo_Wild,282,YES,226.0.1.156:10156,226.0.1.156:10156,233.3.3.113:3113
45,Nat_Geo_Wild,474,YES,226.0.1.156:10156,228.143.1.75:7527,233.3.4.46:4046
49,Rugby_TV_DVB_T2,335,NO,,237.5.5.42:10042,233.3.3.160:3160
50,Zoopark,585,YES,225.0.4.45:10045,228.142.1.73:7348,233.3.4.153:4153
50,Zoopark,347,YES,225.0.4.45:10045,225.0.4.45:10045,233.3.3.173:3173
51,Zdorovoe_TV,446,YES,226.0.3.140:20140,226.0.3.140:20140,233.3.4.18:4018
51,Zdorovoe_TV,1075,YES,226.0.3.140:20140,228.144.1.77:7703,233.3.3.243:3243
52,Mama,316,YES,226.0.3.134:10134,226.0.3.134:10134,233.3.3.142:3142
52,Mama,714,YES,226.0.3.134:10134,228.143.1.75:7503,233.3.5.38:5038
53,Voprosi_i_Otveti,636,YES,226.0.5.110:10110,226.0.5.110:10110,233.3.4.169:4169
53,Voprosi_i_Otveti,1076,YES,226.0.5.110:10110,228.142.1.73:7322,233.3.3.244:3244
54,T24,696,YES,226.0.1.188:10188,228.142.1.73:7306,233.3.5.20:5020
54,T24,314,YES,226.0.1.188:10188,226.0.1.188:10188,233.3.3.140:3140
55,Domashnie_Zhivotnie,746,YES,226.0.5.104:30104,226.0.5.104:30104,233.3.4.248:4248
55,Domashnie_Zhivotnie,1077,YES,226.0.5.104:30104,228.144.1.77:7705,233.3.3.245:3245
57,Sovershenno_Sekretno,657,YES,226.0.1.141:20141,228.141.1.71:7153,233.3.4.189:4189
57,Sovershenno_Sekretno,654,YES,226.0.1.141:20141,226.0.1.141:20141,233.3.4.186:4186
60,Viasat_History,438,YES,226.0.3.126:10126,228.143.1.75:7530,233.3.5.1:5001
60,Viasat_History,1078,YES,226.0.3.126:10126,228.143.1.75:7530,233.3.3.246:3246
61,Viasat_Explorer,1079,YES,226.0.3.126:10126,228.143.1.75:7532,233.3.3.247:3247
61,Viasat_Explorer,301,YES,226.0.3.126:10126,228.143.1.75:7532,233.3.5.54:5054
62,Viasat_Nature,1080,YES,226.0.3.126:10126,228.143.1.75:7531,233.3.3.248:3248
62,Viasat_Nature,700,YES,226.0.3.126:10126,228.143.1.75:7531,233.3.5.24:5024
63,Da_Vinci_Learning,704,YES,226.0.3.127:10127,228.142.1.73:7331,233.3.5.28:5028
63,Da_Vinci_Learning,1081,YES,226.0.3.127:10127,228.142.1.73:7332,233.3.3.249:3249
64,Zhivaya_Planeta,1082,YES,225.0.4.61:10061,228.144.1.77:7709,233.3.3.253:3253
64,Zhivaya_Planeta,593,YES,225.0.4.61:10061,225.0.4.61:10061,233.3.4.161:4161
66,Muzhskoe_kino,693,YES,226.0.1.164:10164,228.141.1.71:7143,233.3.5.17:5017
66,Muzhskoe_Kino,227,YES,226.0.1.164:10164,226.0.1.164:10164,233.3.3.61:3061
67,365_Days,703,YES,226.0.1.144:10144,228.141.1.71:7147,233.3.5.27:5027
67,365_Days,221,YES,226.0.1.144:10144,226.0.1.144:10144,233.3.3.55:3055
70,GMC,464,YES,237.7.7.130:10130,237.7.7.130:10130,233.3.4.36:4036
76,Atv_Turk_HD,889,NO,226.0.5.104:20104,226.0.5.104:20104,233.3.5.240:5240
77,History,936,NO,226.0.1.183:10183,226.0.1.183:10183,233.3.5.64:5064
78,Viasat_Sport,1083,YES,226.0.3.126:10126,228.142.1.73:7329,233.3.3.254:3254
78,Viasat_Sport,575,YES,226.0.3.126:10126,228.142.1.73:7329,233.3.5.4:5004
79,Boxing_TV,417,YES,226.0.1.155:10155,226.0.1.155:10155,233.3.3.233:3233
79,Boxing_TV,1084,YES,226.0.1.155:10155,228.141.1.71:7106,233.3.4.239:4239
80,Nauka,937,NO,226.0.3.180:10180,226.0.3.180:10180,233.3.5.65:5065
81,Mezzo,938,NO,226.0.3.137:10137,226.0.3.137:10137,233.3.5.66:5066
82,Mult,939,NO,226.0.3.180:10180,226.0.3.180:10180,233.3.5.67:5067
83,Auto_24,792,YES,225.0.4.40:10040,228.142.1.73:7343,233.3.3.34:3034
83,Auto_24,851,YES,225.0.4.40:10040,225.0.4.40:10040,233.3.3.73:3073
84,MMA-TV,213,YES,226.0.1.172:10172,228.143.1.75:7526,233.3.3.47:3047
84,MMA-TV,167,YES,226.0.1.172:10172,226.0.1.172:10172,233.3.3.1:3001
86,Auto_Plus,230,YES,226.0.1.186:10186,226.0.1.186:10186,233.3.3.64:3064
86,Auto_Plus,458,YES,226.0.1.186:10186,228.141.1.71:7140,233.3.4.30:4030
87,Match!_Planeta,1085,YES,226.0.1.162:10162,228.141.1.71:7152,233.3.5.165:5165
87,Match!_Planeta,698,YES,226.0.1.162:10162,226.0.1.162:10162,233.3.5.22:5022
88,KHL,1086,YES,226.0.1.172:10172,228.143.1.75:7539,233.3.5.166:5166
88,KHL,709,YES,226.0.1.172:10172,226.0.1.172:10172,233.3.5.33:5033
89,KHL_Prime,752,YES,226.0.3.133:10133,226.0.3.133:10133,233.3.3.5:3005
90,Armenia_1,941,NO,226.0.5.101:20101,226.0.5.101:20101,233.3.3.116:3116
91,Zee_TV_SRT_reserve,942,NO,225.0.7.113:10113,225.0.7.113:10113,233.3.3.120:3120
92,Russkaia_Noch_SRT_reserve,943,NO,225.0.7.114:10114,225.0.7.114:10114,233.3.3.121:3121
93,Rodnoe_Kino_SRT_reserve,944,NO,225.0.7.108:10108,225.0.7.108:10108,233.3.3.124:3124
94,Nashe_Novoe_Kino_SRT_reserve,945,NO,225.0.7.111:10111,225.0.7.111:10111,233.3.3.125:3125
95,Muzhskoe_kino_SRT_reserve,946,NO,225.0.7.106:10106,225.0.7.106:10106,233.3.4.91:4091
96,Malysh_SRT_reserve,947,NO,225.0.7.110:10110,225.0.7.110:10110,233.3.4.92:4092
97,La_Minor_SRT_reserve,948,NO,225.0.7.118:10118,225.0.7.118:10118,233.3.4.94:4094
98,KVN_TV_SRT_reserve,949,NO,225.0.7.116:10116,225.0.7.116:10116,233.3.4.95:4095
99,Kuhnia_TV_SRT_reserve,950,NO,225.0.7.100:10100,225.0.7.100:10100,233.3.4.172:4172
100,Kinoujas_SRT_reserve,951,NO,225.0.7.103:10103,225.0.7.103:10103,233.3.5.77:5077
101,Kinosvidanie_SRT_reserve,952,NO,225.0.7.102:10102,225.0.7.102:10102,233.3.5.78:5078
102,Kinoseriya_SRT_reserve,953,NO,225.0.7.104:10104,225.0.7.104:10104,233.3.5.79:5079
103,NickToons,841,NO,225.0.7.140:10140,227.143.1.75:7512,233.3.5.73:5073
103,NickToons,842,YES,225.0.7.140:10140,225.0.7.140:10140,233.3.5.74:5074
104,Kinomiks_SRT_reserve,954,NO,225.0.7.112:10112,225.0.7.112:10112,233.3.5.81:5081
105,FX,472,YES,226.0.3.130:10130,228.143.1.75:7529,233.3.4.44:4044
105,FX,333,YES,226.0.3.130:10130,226.0.3.130:10130,233.3.3.166:3166
106,Amedia_1,675,YES,225.0.4.72:10072,225.0.4.72:10072,233.3.4.233:4233
106,Amedia_1,1087,YES,225.0.4.72:10072,228.144.1.77:7713,233.3.5.167:5167
107,Amedia_Premium,178,YES,226.0.1.159:10159,226.0.1.159:10159,233.3.3.12:3012
108,Amedia_HIT,590,YES,225.0.4.73:20073,225.0.4.73:20073,233.3.4.158:4158
108,Amedia_HIT,1088,YES,225.0.4.73:20073,228.144.1.77:7714,233.3.5.168:5168
109,Kinosemya,616,YES,226.0.1.195:10195,226.0.1.195:10195,233.3.4.202:4202
109,Kinosemya,834,YES,226.0.1.195:10195,228.142.1.73:7309,233.3.4.82:4082
110,Rodnoe_Kino,699,YES,226.0.3.129:10129,226.0.3.129:10129,233.3.5.23:5023
110,Rodnoe_Kino,373,YES,226.0.3.129:10129,228.143.1.75:7540,233.3.3.198:3198
111,Mir_Seriala,697,YES,225.0.4.62:10062,225.0.4.62:10062,233.3.5.21:5021
111,Mir_Seriala,1089,YES,225.0.4.62:10062,228.144.1.77:7710,233.3.5.169:5169
112,Red,1061,YES,225.0.4.80:10080,228.142.1.73:7350,233.3.3.201:3201
112,Red,421,YES,225.0.4.80:10080,225.0.4.80:10080,233.3.3.237:3237
113,Lubimoe_Kino,1090,YES,226.0.1.170:10170,228.141.1.71:7155,233.3.5.170:5170
113,Lubimoe_Kino,337,YES,226.0.1.170:10170,226.0.1.170:10170,233.3.3.162:3162
114,Eurokino,582,YES,225.0.4.42:10042,228.142.1.73:7342,233.3.4.150:4150
114,Eurokino,345,YES,225.0.4.42:10042,225.0.4.42:10042,233.3.3.171:3171
115,Black,670,YES,225.0.4.35:10035,228.142.1.73:7351,233.3.4.228:4228
115,Black,1091,YES,225.0.4.35:10035,228.142.1.73:7351,233.3.5.171:5171
116,Viasat_1000,440,YES,226.0.3.127:10127,228.142.1.73:7330,233.3.5.3:5003
116,Viasat_1000,1092,YES,226.0.3.127:10127,228.142.1.73:7330,233.3.5.172:5172
117,TV_1000_Russian_Kino,439,YES,226.0.3.127:10127,228.142.1.73:7333,233.3.5.2:5002
117,TV_1000_Russian_Kino,1093,YES,226.0.3.127:10127,228.142.1.73:7333,233.3.5.173:5173
118,Amedia_2,687,YES,226.0.1.152:10152,228.143.1.75:7525,233.3.5.11:5011
118,Amedia_2,344,YES,226.0.1.152:10152,226.0.1.152:10152,233.3.3.170:3170
119,Kinoseriya,707,YES,226.0.1.185:10185,228.141.1.71:7141,233.3.5.31:5031
119,Kinoseriya,226,YES,226.0.1.185:10185,226.0.1.185:10185,233.3.3.60:3060
120,Russian_Illusion,581,YES,225.0.4.44:10044,228.142.1.73:7347,233.3.4.149:4149
120,Russian_Illusion,342,YES,225.0.4.44:10044,225.0.4.44:10044,233.3.3.168:3168
121,Illuzion+,583,YES,225.0.4.41:10041,228.142.1.73:7344,233.3.4.151:4151
121,Illuzion+,343,YES,225.0.4.41:10041,225.0.4.41:10041,233.3.3.169:3169
122,NST,683,YES,226.0.1.188:10188,228.143.1.75:7541,233.3.5.7:5007
122,NST,315,YES,226.0.1.188:10188,226.0.1.188:10188,233.3.3.141:3141
123,Motorsport,925,YES,226.0.1.141:40141,227.142.1.73:7308,233.3.3.98:3098
123,Motorsport,1028,YES,226.0.1.141:40141,226.0.1.141:40141,233.3.5.151:5151
124,Kinokomediya,691,YES,226.0.1.157:10157,228.141.1.71:7150,233.3.5.15:5015
124,Kinokomediya,223,YES,226.0.1.157:10157,226.0.1.157:10157,233.3.3.57:3057
125,Indijskoe_kino,457,YES,226.0.1.185:10185,228.141.1.71:7136,233.3.4.29:4029
125,Indijskoe_kino,224,YES,226.0.1.185:10185,226.0.1.185:10185,233.3.3.58:3058
126,Piati_Kanal,1026,YES,226.0.3.128:10128,226.0.3.140:10140,233.3.5.149:5149
126,Piati_Kanal,933,YES,226.0.3.128:10128,228.142.1.73:7304,233.3.4.88:4088
127,Phoenix_Plus_Kino,891,YES,225.0.7.127:10127,228.144.1.77:7753,233.3.5.242:5242
127,Phoenix_Plus_Kino,631,YES,225.0.7.127:10127,228.144.1.77:7753,233.3.4.217:4217
128,Kinosemya_SRT_reserve,956,NO,225.0.7.117:10117,225.0.7.117:10117,233.3.3.126:3126
129,TV_21,733,YES,226.0.3.124:10124,226.0.3.124:10124,233.3.4.8:4008
129,TV_21,734,YES,226.0.3.124:10124,228.144.1.77:7711,233.3.4.9:4009
130,Kinomiks,410,YES,226.0.1.164:10164,228.142.1.73:7316,233.3.3.227:3227
130,Kinomiks,385,YES,226.0.1.164:10164,226.0.1.164:10164,233.3.3.206:3206
131,Retro,447,YES,226.0.3.140:20140,226.0.3.140:20140,233.3.4.19:4019
131,Retro,1094,YES,226.0.3.140:20140,228.144.1.77:7702,233.3.5.174:5174
132,Nashe_Novoe_Kino,630,YES,226.0.1.195:10195,226.0.1.195:10195,233.3.4.216:4216
132,Nashe_Novoe_Kino,422,YES,226.0.1.195:10195,228.142.1.73:7307,233.3.3.238:3238
133,Kinopremiera,580,YES,226.0.3.133:10133,226.0.3.133:10133,233.3.4.148:4148
134,Kinohit,893,YES,226.0.1.157:10157,226.0.1.157:10157,233.3.5.244:5244
134,Kinohit,747,YES,226.0.1.157:10157,228.142.1.73:7305,233.3.4.249:4249
135,Box_TV_Global_Reserve,910,NO,237.5.5.63:10063,237.5.5.63:10063,233.3.5.249:5249
136,Kinosvidanie,560,YES,226.0.1.147:10147,226.0.1.147:10147,233.3.4.129:4129
136,Kinosvidanie,423,YES,226.0.1.147:10147,228.142.1.73:7310,233.3.3.239:3239
137,Bollywood_HD,794,YES,226.0.1.175:40175,226.0.1.175:40175,233.3.3.24:3024
137,Bollywood,328,YES,226.0.1.175:40175,228.142.1.73:7317,233.3.3.154:3154
138,Kinokomediya_SRT_reserve,957,NO,225.0.7.109:10109,225.0.7.109:10109,233.3.3.127:3127
139,Kinohit_SRT_reserve,958,NO,225.0.7.101:10101,225.0.7.101:10101,233.3.3.128:3128
140,Nick_Jr,900,YES,225.0.7.139:10139,225.0.7.139:10139,233.3.3.80:3080
140,Nick_Jr,1095,YES,225.0.7.139:10139,228.142.1.73:7337,233.3.5.175:5175
141,Nickelodeon,318,YES,225.0.7.138:10138,225.0.7.138:10138,233.3.3.144:3144
142,Cartoon_Network,471,YES,226.0.1.174:10174,228.143.1.75:7520,233.3.4.43:4043
142,Cartoon_Network,274,YES,226.0.1.174:10174,228.143.1.75:7520,233.3.3.105:3105
143,Gulli_Girl,419,YES,226.0.3.132:10132,226.0.3.132:10132,233.3.3.235:3235
143,Gulli_Girl,1096,YES,226.0.3.132:10132,228.142.1.73:7308,233.3.5.176:5176
144,TiJi,712,YES,226.0.3.132:10132,226.0.3.132:10132,233.3.5.36:5036
144,TiJi,1097,YES,226.0.3.132:10132,228.141.1.71:7156,233.3.5.177:5177
145,Cartoonito,592,YES,226.0.3.137:20137,226.0.3.137:20137,233.3.4.160:4160
145,Cartoonito,1098,YES,226.0.3.137:20137,228.142.1.73:7328,233.3.5.178:5178
146,Unikum,584,YES,225.0.4.43:10043,228.142.1.73:7345,233.3.4.152:4152
146,Unikum,346,YES,225.0.4.43:10043,225.0.4.43:10043,233.3.3.172:3172
147,ICTV,545,YES,225.0.4.152:10152,225.0.4.152:10152,233.3.4.114:4114
148,Detskiy_Mir,632,YES,226.0.1.149:10149,226.0.1.149:10149,233.3.4.218:4218
148,Detskiy_Mir,1099,YES,226.0.1.149:10149,228.141.1.71:7142,233.3.5.179:5179
149,Malysh,505,YES,226.0.1.148:10148,226.0.1.148:10148,233.3.4.76:4076
149,Malysh,424,YES,226.0.1.148:10148,228.143.1.75:7542,233.3.3.224:3224
150,NIKI_KIDS,940,YES,225.0.4.231:20231,225.0.4.231:20231,233.3.5.68:5068
151,NIKI_Junior,955,YES,225.0.4.232:20232,225.0.4.232:20232,233.3.5.82:5082
152,Tayni_Galaktiki,1100,YES,226.0.1.159:10159,228.141.1.71:7134,233.3.5.180:5180
152,Tayni_Galaktiki,1054,YES,226.0.1.159:10159,226.0.1.159:10159,233.3.3.181:3181
153,Imedi,572,YES,237.7.7.12:17012,228.141.1.71:7149,233.3.4.140:4140
153,Imedi,220,YES,237.7.7.12:17012,237.7.7.12:17012,233.3.3.54:3054
154,Pulsi_TV,870,YES,237.7.7.78:10078,237.7.7.77:10077,233.3.5.58:5058
154,Pulsi_TV,871,YES,237.7.7.78:10078,237.7.7.78:10078,233.3.5.59:5059
155,Arirang_TV,672,YES,226.0.5.109:10109,226.0.5.109:10109,233.3.4.230:4230
156,Sci-Fi,586,YES,225.0.4.36:10036,225.0.4.36:10036,233.3.4.154:4154
156,Sci-Fi,1062,YES,225.0.4.36:10036,228.142.1.73:7352,233.3.3.202:3202
157,Central_Comedy,504,YES,225.0.7.142:10142,225.0.7.142:10142,233.3.4.75:4075
157,Central_Comedy,1102,YES,225.0.7.142:10142,228.142.1.73:7336,233.3.5.182:5182
158,Ktokuda,663,YES,226.0.1.170:10170,226.0.1.170:10170,233.3.4.221:4221
158,Ktokuda,1103,YES,226.0.1.170:10170,228.141.1.71:7105,233.3.5.183:5183
159,Sarafan,1104,YES,225.0.4.60:10060,225.0.4.60:10060,233.3.5.184:5184
159,Sarafan,762,YES,225.0.4.60:10060,225.0.4.60:10060,233.3.3.13:3013
160,Luxe_TV_HD,288,YES,226.0.5.111:40111,226.0.5.111:40111,233.3.3.119:3119
162,Oxota_i_Ribalka,695,YES,226.0.5.110:10110,226.0.5.110:10110,233.3.5.19:5019
162,Oxota_i_Ribalka,1105,YES,226.0.5.110:10110,228.144.1.77:7745,233.3.5.185:5185
163,Usadba,578,YES,226.0.3.140:40140,226.0.3.140:40140,233.3.4.146:4146
163,Usadba,1106,YES,226.0.3.140:40140,228.144.1.77:7704,233.3.5.186:5186
164,Moya_Planeta_HD,207,YES,226.0.1.183:10183,228.141.1.71:7144,233.3.3.41:3041
165,OCE,538,YES,225.0.4.150:10150,225.0.4.150:10150,233.3.4.107:4107
165,OCE,541,YES,225.0.4.150:10150,225.0.4.158:10158,233.3.4.110:4110
166,Domashniy,719,YES,226.0.3.128:10128,226.0.3.140:10140,233.3.5.43:5043
166,Domashniy,1108,YES,226.0.3.128:10128,228.144.1.77:7730,233.3.5.188:5188
167,Kuhnia,495,YES,226.0.1.187:10187,228.141.1.71:7146,233.3.4.67:4067
167,Kuhnia,228,YES,226.0.1.187:10187,226.0.1.187:10187,233.3.3.62:3062
168,1+1,1066,YES,225.0.4.252:20252,228.142.1.73:7341,233.3.3.213:3213
168,1+1,1051,YES,225.0.4.252:20252,228.142.1.73:7341,233.3.3.155:3155
169,Cinema,655,YES,226.0.3.134:10134,226.0.3.134:10134,233.3.4.187:4187
169,Cinema,658,YES,226.0.3.134:10134,228.142.1.73:7335,233.3.4.190:4190
170,Fashion_&_LifeStyle,668,YES,226.0.1.156:30156,226.0.1.156:30156,233.3.4.226:4226
171,Plan_B,980,YES,226.0.1.154:10154,228.141.1.71:7116,233.3.5.97:5097
171,Plan_B,1014,YES,226.0.1.154:10154,226.0.1.154:10154,233.3.5.138:5138
172,History,640,YES,226.0.1.183:10183,228.141.1.71:7145,233.3.4.173:4173
172,History,1110,YES,226.0.1.183:10183,228.141.1.71:7145,233.3.5.190:5190
173,Jivi,579,YES,226.0.5.101:30101,228.144.1.77:7718,233.3.4.147:4147
173,Jivi,391,YES,226.0.5.101:30101,226.0.5.101:30101,233.3.3.211:3211
174,Nostalgia_SRT_reserve,961,NO,225.0.7.131:10131,225.0.7.131:10131,233.3.4.177:4177
175,Kinoujas,494,YES,226.0.1.165:10165,228.142.1.73:7315,233.3.4.66:4066
175,Kinoujas,222,YES,226.0.1.165:10165,226.0.1.165:10165,233.3.3.56:3056
176,Orujie,886,YES,226.0.1.146:10146,226.0.1.146:10146,233.3.3.76:3076
176,Orujie,1111,YES,226.0.1.146:10146,228.144.1.77:7729,233.3.5.191:5191
178,HD_Life,758,YES,226.0.3.133:10133,226.0.3.133:10133,233.3.3.8:3008
179,Nauka,730,YES,226.0.3.180:10180,228.142.1.73:7321,233.3.4.5:4005
179,Nauka,1112,YES,226.0.3.180:10180,228.142.1.73:7321,233.3.5.192:5192
180,IlionTV,623,NO,237.7.7.29:17029,237.7.7.29:17029,233.3.4.209:4209
181,KVN_TV,833,YES,226.0.1.148:10148,228.144.1.77:7754,233.3.4.141:4141
181,KVN_TV,800,YES,226.0.1.148:10148,225.0.7.116:10116,233.3.3.28:3028
183,Mezzo,459,YES,226.0.1.191:30191,228.142.1.73:7311,233.3.4.31:4031
183,Mezzo,1113,YES,226.0.1.191:30191,228.142.1.73:7311,233.3.5.193:5193
184,MCM_Top,473,YES,226.0.1.175:10175,228.143.1.75:7535,233.3.4.45:4045
184,MCM_Top,280,YES,226.0.1.175:10175,226.0.1.175:10175,233.3.3.111:3111
185,Kvartal_95,1049,YES,225.0.4.245:20245,225.0.4.245:20245,233.3.3.151:3151
185,Kvartal_95,1114,YES,225.0.4.245:20245,228.142.1.73:7349,233.3.5.194:5194
186,Vostok_TV,830,YES,226.0.3.135:10135,226.0.3.135:10135,233.3.4.80:4080
186,Vostok_TV,934,YES,226.0.3.135:10135,227.142.1.73:7329,233.3.4.89:4089
188,Music_Box,1115,YES,237.7.7.115:17115,237.7.7.115:17115,233.3.5.195:5195
188,Music_Box,470,YES,237.7.7.115:17115,237.7.7.115:17115,233.3.4.42:4042
189,Ru_TV,628,YES,225.0.4.17:10017,228.142.1.73:7302,233.3.4.214:4214
189,Ru_TV,892,YES,225.0.4.17:10017,225.0.4.17:10017,233.3.5.243:5243
190,La_Minor,790,YES,226.0.1.187:10187,228.142.1.73:7314,233.3.3.32:3032
190,La_Minor,557,YES,226.0.1.187:10187,226.0.1.187:10187,233.3.4.126:4126
191,M1,564,YES,225.0.4.154:10154,225.0.4.154:10154,233.3.3.250:3250
192,M2,789,YES,225.0.4.155:10155,225.0.4.155:10155,233.3.3.31:3031
193,FreeDOM,1116,YES,226.0.1.160:10160,228.141.1.71:7117,233.3.5.196:5196
193,FreeDOM,912,YES,226.0.1.160:10160,226.0.1.160:10160,233.3.5.62:5062
194,TV_Shanson,1117,YES,226.0.1.170:10170,228.141.1.71:7133,233.3.5.197:5197
194,TV_Shanson,588,YES,226.0.1.170:10170,226.0.1.170:10170,233.3.4.156:4156
195,Kto_est_kto,760,YES,226.0.1.147:10147,228.141.1.71:7154,233.3.3.10:3010
195,Kto_est_kto,643,YES,226.0.1.147:10147,226.0.1.147:10147,233.3.4.176:4176
196,Psihologia,689,YES,226.0.5.104:30104,226.0.5.104:30104,233.3.5.13:5013
196,Psihologia,1118,YES,226.0.5.104:30104,228.142.1.73:7346,233.3.5.199:5199
198,Az_TV,688,YES,225.0.4.75:20075,225.0.4.75:20075,233.3.5.12:5012
198,Az_TV,1119,YES,225.0.4.75:20075,228.144.1.77:7715,233.3.5.200:5200
199,ATV,713,YES,225.0.4.76:10076,225.0.4.76:10076,233.3.5.37:5037
199,ATV,1120,YES,225.0.4.76:10076,228.144.1.77:7716,233.3.5.201:5201
200,RTVi,478,YES,226.0.5.111:40111,228.142.1.73:7323,233.3.4.50:4050
200,RTVi,350,YES,226.0.5.111:40111,226.0.5.111:40111,233.3.3.176:3176
201,ICTV2,551,YES,225.0.4.162:10162,225.0.4.162:10162,233.3.4.120:4120
202,STS,723,YES,226.0.3.128:10128,228.143.1.75:7506,233.3.5.47:5047
202,STS,694,YES,226.0.3.128:10128,226.0.3.140:10140,233.3.5.18:5018
204,Continent_E,898,YES,,225.0.7.171:10171,233.3.5.100:5100
205,Travel_&_Adventure,759,YES,226.0.3.139:40139,226.0.3.139:40139,233.3.3.9:3009
206,Drive,1121,YES,226.0.5.101:30101,228.144.1.77:7701,233.3.5.202:5202
206,Drive,711,YES,226.0.5.101:30101,226.0.5.101:30101,233.3.5.35:5035
208,Russian_Music_Box,1122,YES,225.0.4.69:10069,228.144.1.77:7708,233.3.5.203:5203
208,Russian_Music_Box,822,YES,225.0.4.69:10069,225.0.4.69:10069,233.3.4.81:4081
210,English_Club,659,YES,226.0.3.125:10125,228.144.1.77:7712,233.3.4.191:4191
210,English_Club,656,YES,226.0.3.125:10125,226.0.3.125:10125,233.3.4.188:4188
211,Dojd,676,YES,226.0.5.102:10102,228.144.1.77:7707,233.3.4.234:4234
211,Dojd,673,YES,226.0.5.102:10102,228.144.1.77:7707,233.3.4.231:4231
212,NEW_Channel,563,YES,225.0.4.153:10153,225.0.4.153:10153,233.3.4.132:4132
213,Current_Time,720,YES,226.0.5.106:40106,226.0.5.106:40106,233.3.5.44:5044
214,Perviy_Vegetarianskiy,1063,YES,226.0.1.141:20141,228.143.1.75:7543,233.3.3.205:3205
214,Perviy_Vegetarianskiy,1058,YES,226.0.1.141:20141,226.0.1.141:20141,233.3.3.187:3187
215,Zagorodnaya_Jizn,1064,YES,226.0.1.150:10150,228.143.1.75:7545,233.3.3.207:3207
215,Zagorodnaya_Jizn,1056,YES,226.0.1.150:10150,226.0.1.150:10150,233.3.3.183:3183
216,Palitra_News_DVB_T2,416,NO,237.5.5.38:10038,237.5.5.38:10038,233.3.3.232:3232
217,Terra,1136,YES,225.0.7.155:10155,225.0.7.155:10155,233.3.5.217:5217
217,Terra,778,YES,225.0.4.143:10143,225.0.4.143:10143,233.3.5.39:5039
218,Uspeh,924,YES,226.0.1.141:30141,228.143.1.75:7547,233.3.3.95:3095
218,Uspeh,1057,YES,226.0.1.141:30141,226.0.1.141:30141,233.3.3.184:3184
219,Peretz,894,YES,226.0.3.128:10128,226.0.3.140:10140,233.3.5.245:5245
219,Peretz,1137,YES,226.0.3.128:10128,228.143.1.75:7501,233.3.5.218:5218
220,Nostalgia,254,YES,226.0.1.186:10186,226.0.1.186:10186,233.3.3.88:3088
220,Nostalgia,625,YES,226.0.1.186:10186,228.143.1.75:7556,233.3.4.211:4211
221,STB,539,YES,225.0.4.151:10151,225.0.4.151:10151,233.3.4.108:4108
222,Piatnitsa,750,YES,226.0.1.162:10162,228.142.1.73:7318,233.3.3.2:3002
222,Piatnitsa,558,YES,226.0.1.162:10162,226.0.1.162:10162,233.3.4.127:4127
223,Zee_TV,844,YES,226.0.1.147:10147,226.0.1.147:10147,233.3.5.76:5076
223,Zee_TV,869,YES,226.0.1.147:10147,228.143.1.75:7536,233.3.5.99:5099
226,Muzhskoy,1055,YES,226.0.1.150:10150,226.0.1.150:10150,233.3.3.182:3182
226,Muzhskoy,1065,YES,226.0.1.150:10150,228.143.1.75:7546,233.3.3.212:3212
228,MTV_Live_HD,389,YES,226.0.5.104:10104,226.0.5.104:10104,233.3.3.209:3209
230,MTV_00S,873,YES,226.0.5.104:10104,228.144.1.77:7719,233.3.3.131:3131
230,MTV_00S,602,YES,226.0.5.104:10104,226.0.5.104:10104,233.3.4.167:4167
231,Ictimai,962,NO,,,233.3.4.198:4198
233,Brazzers_TV_Europe,436,YES,226.0.3.137:30137,226.0.3.137:30137,233.3.3.251:3251
233,Brazzers_TV_Europe,718,YES,226.0.3.137:30137,228.142.1.73:7326,233.3.5.42:5042
234,Russkaia_Noch,370,YES,226.0.1.147:10147,226.0.1.147:10147,233.3.3.196:3196
234,Russkaia_Noch,453,YES,226.0.1.147:10147,228.143.1.75:7523,233.3.4.25:4025
235,Viasat_Action,708,YES,226.0.3.127:10127,228.142.1.73:7332,233.3.5.32:5032
235,Viasat_Action,1138,YES,226.0.3.127:10127,228.142.1.73:7332,233.3.5.219:5219
236,Dorcel_TV,614,YES,226.0.1.160:10160,226.0.1.160:10160,233.3.4.200:4200
238,Dorcel_HD,613,YES,226.0.5.111:30111,226.0.5.111:30111,233.3.5.69:5069
239,TV_Rioni,776,YES,237.7.7.242:17242,228.141.1.71:7108,233.3.3.17:3017
239,TV_Rioni,1139,YES,237.7.7.242:17242,228.141.1.71:7108,233.3.5.220:5220
240,Rugby_TV,489,YES,237.7.7.229:17229,,233.3.4.61:4061
240,Rugby_TV,404,YES,237.7.7.229:17229,237.7.7.229:17229,233.3.3.222:3222
241,Parliament,744,YES,237.7.7.112:17112,237.7.7.112:17112,233.3.4.246:4246
241,Parliament,743,YES,237.7.7.112:17112,237.7.7.112:17112,233.3.4.245:4245
242,TV25,1140,YES,237.7.7.140:17140,228.141.1.71:7129,233.3.5.221:5221
242,TV25,738,YES,237.7.7.140:17140,228.141.1.71:7129,233.3.4.240:4240
243,Trialeti,735,YES,237.7.7.164:17164,237.7.7.164:17164,233.3.4.10:4010
243,Trialeti,456,YES,237.7.7.164:17164,237.7.7.162:10162,233.3.4.28:4028
244,TV4,810,YES,237.7.7.131:10231,237.7.7.131:10231,233.3.4.197:4197
244,TV4,1141,YES,237.7.7.131:10231,237.7.7.131:10231,233.3.5.222:5222
245,Girchi_TV,451,YES,237.7.7.235:17235,237.7.7.235:17235,233.3.4.23:4023
246,Obieqtivi,1142,YES,"10166):,",228.141.1.71:7127,233.3.5.223:5223
246,Obieqtivi,788,YES,"10166):,",228.141.1.71:7127,233.3.3.23:3023
247,Mult,839,YES,226.0.3.180:10180,228.144.1.77:7743,233.3.5.71:5071
247,Mult,1143,YES,226.0.3.180:10180,228.144.1.77:7743,233.3.5.224:5224
248,BBB,896,YES,237.7.7.79:10079,237.7.7.79:10079,233.3.3.101:3101
248,BBB,849,YES,237.7.7.79:10079,237.7.7.88:10088,233.3.3.71:3071
249,I_Stereo,380,YES,,228.141.1.71:7199,233.3.3.204:3204
249,I_Stereo,1144,YES,,228.141.1.71:7199,233.3.5.225:5225
250,Channel_Five,991,YES,237.7.7.141:17141,237.7.7.141:17141,233.3.5.115:5115
251,PK_TV,1145,YES,237.7.7.212:17212,237.7.7.212:17212,233.3.5.226:5226
251,PK_TV,859,YES,237.7.7.212:17212,237.7.7.212:17212,233.3.4.251:4251
252,Mega_TV,819,YES,237.7.7.146:17146,237.7.7.147:17147,233.3.4.78:4078
252,Mega_TV,1146,YES,237.7.7.146:17146,237.7.7.146:17146,233.3.5.227:5227
253,ERI_Media,739,YES,237.7.7.135:10135,237.7.7.135:10135,233.3.4.241:4241
254,Sezoni_TV,452,NO,237.7.7.176:17176,237.7.7.176:17176,233.3.4.24:4024
255,TVC,927,YES,237.7.7.151:17151,237.7.7.155:17155,233.3.3.104:3104
255,TVC,976,YES,237.7.7.151:17151,237.7.7.151:17151,233.3.5.90:5090
256,Gurjaani_TV,804,YES,237.7.7.116:10116,237.7.7.116:10116,233.3.3.29:3029
256,Gurjaani_TV,1147,YES,237.7.7.116:10116,237.7.7.116:10116,233.3.5.228:5228
257,Royal_Channel,782,YES,237.7.7.22:17022,237.7.7.21:17021,233.3.3.19:3019
257,Royal_Channel,310,YES,237.7.7.22:17022,237.7.7.22:17022,233.3.3.137:3137
258,Stereo_Plus,784,YES,237.7.7.27:17027,237.7.7.27:17027,233.3.3.20:3020
258,Stereo_Plus,1148,YES,237.7.7.27:17027,237.7.7.27:17027,233.3.5.229:5229
259,Qartuli_TV,629,YES,237.7.7.68:10068,237.7.7.68:10068,233.3.4.215:4215
259,Qartuli_TV,1149,YES,237.7.7.68:10068,237.7.7.68:10068,233.3.5.230:5230
260,Imervizia,829,YES,237.7.7.69:10069,237.7.7.69:10069,233.3.4.72:4072
260,Imervizia,1150,YES,237.7.7.69:10069,237.7.7.69:10069,233.3.5.231:5231
261,Dia_TV,1151,YES,237.7.7.71:10071,237.7.7.71:10071,233.3.5.232:5232
261,Dia_TV,832,YES,237.7.7.71:10071,237.7.7.71:10071,233.3.4.139:4139
262,Adjara_TV_HD,872,YES,237.7.7.215:17215,237.7.7.215:17215,233.3.3.130:3130
263,STARVISION,836,YES,237.7.7.74:10074,237.7.7.74:10074,233.3.4.159:4159
263,STARVISION,669,YES,237.7.7.74:10074,237.7.7.73:10073,233.3.4.227:4227
264,O2,845,YES,237.7.7.186:17186,237.7.7.186:17186,233.3.4.162:4162
265,ALT_info,817,YES,237.7.7.180:17180,237.7.7.180:17180,233.3.4.70:4070
266,First_Channel,295,YES,237.7.7.246:10246,237.7.7.246:10246,233.3.3.123:3123
267,SDASU_TV,884,YES,237.7.7.89:10089,237.7.7.85:10085,233.3.3.69:3069
267,SDASU_TV,850,YES,237.7.7.89:10089,237.7.7.89:10089,233.3.3.72:3072
268,Dardimandi,807,YES,237.7.7.90:10090,237.7.7.90:10090,233.3.3.45:3045
269,TV_Monitoring,963,YES,237.7.7.118:17118,237.7.7.118:17118,233.3.4.236:4236
270,BMG,1021,YES,237.7.7.113:17113,237.7.7.113:17113,233.3.5.145:5145
271,Mall_TV,618,YES,237.7.7.99:10099,237.7.7.99:10099,233.3.4.204:4204
271,Mall_TV,1152,YES,237.7.7.99:10099,237.7.7.99:10099,233.3.5.233:5233
272,TV24,621,YES,237.7.7.139:10139,237.7.7.139:10139,233.3.4.207:4207
272,TV24,610,YES,237.7.7.143:10143,237.7.7.143:10143,233.3.4.199:4199
273,Odishi,1153,YES,237.7.7.209:17209,237.7.7.209:17209,233.3.5.234:5234
273,Odishi,258,YES,237.7.7.209:17209,237.7.7.209:17209,233.3.3.90:3090
274,Guria_TV,650,YES,237.7.7.214:17214,237.7.7.214:17214,233.3.4.183:4183
274,Guria_TV,1154,YES,237.7.7.214:17214,237.7.7.214:17214,233.3.5.235:5235
275,L_TV,437,YES,237.7.7.217:17217,237.7.7.217:17217,233.3.3.252:3252
276,TV_Tanamgzavri,781,YES,237.7.7.225:17225,237.7.7.225:17225,233.3.3.18:3018
277,GDS,529,YES,237.7.7.195:10195,237.7.7.195:10195,233.3.4.100:4100
277,GDS,530,YES,237.7.7.196:10196,237.7.7.196:10196,233.3.4.101:4101
278,Maestro,827,YES,237.7.7.13:10013,237.7.7.13:10013,233.3.4.54:4054
278,Maestro,1155,YES,237.7.7.13:10013,237.7.7.13:10013,233.3.5.236:5236
279,Comedy_Arkhi,566,YES,237.7.7.104:10104,237.7.7.101:10101,233.3.4.135:4135
279,Comedy_Arkhi,802,YES,237.7.7.104:10104,237.7.7.104:10104,233.3.4.26:4026
280,Marao,791,YES,237.7.7.102:10102,237.7.7.102:10102,233.3.3.33:3033
280,Marao,468,YES,237.7.7.102:10102,237.7.7.103:10103,233.3.4.40:4040
281,Mtavari_Arkhi,1156,YES,237.7.7.222:17222,237.5.5.37:10037,233.3.5.237:5237
281,Mtavari_Arkhi,717,YES,237.7.7.222:17222,237.5.5.37:10037,233.3.5.41:5041
282,Georgian_Chess_TV,366,YES,237.7.7.127:17127,237.7.7.127:17127,233.3.3.192:3192
283,FORMULA,420,YES,237.7.7.175:17175,237.7.7.171:17171,233.3.3.236:3236
283,FORMULA,754,YES,237.7.7.175:17175,237.7.7.175:17175,233.3.3.7:3007
284,TV_AGROGAREMO,761,YES,237.7.7.97:17097,237.7.7.97:17097,233.3.3.11:3011
285,GMS,553,YES,237.7.7.111:17111,237.7.7.111:17111,233.3.4.122:4122
286,GMTV,302,YES,237.7.7.167:17167,237.7.7.167:17167,233.3.5.48:5048
287,Georgian_Times,406,YES,237.7.7.153:17153,237.7.7.153:17153,233.3.4.97:4097
288,TV_ARGO,208,YES,237.7.7.136:17136,237.7.7.136:17136,233.3.3.42:3042
290,Green_TV-Chkhenkeli,916,YES,237.7.7.191:17191,237.7.7.191:17191,233.3.3.82:3082
291,TV_Saperavi,487,YES,237.7.7.150:17150,237.7.7.150:17150,233.3.4.59:4059
291,TV_Saperavi,1157,YES,237.7.7.150:17150,237.7.7.150:17150,233.3.5.238:5238
292,Tok_TV,264,YES,237.7.7.148:17148,237.7.7.148:17148,233.3.3.96:3096
293,Silk_Documentary,272,YES,237.7.171.55:17155,237.7.171.55:17155,233.3.3.103:3103
293,Silk_Documentary,587,YES,237.7.171.55:17155,237.7.171.56:17156,233.3.4.155:4155
294,Batumi_TV,360,YES,237.7.7.231:17231,237.7.7.232:17232,233.3.3.186:3186
294,Batumi_TV,502,YES,237.7.7.231:17231,237.7.7.231:17231,233.3.4.73:4073
295,Mir,818,YES,226.0.5.102:20102,226.0.5.102:20102,233.3.4.71:4071
295,Mir,1158,YES,226.0.5.102:20102,228.144.1.77:7720,233.3.5.239:5239
296,Mir_24,1159,YES,226.0.1.168:10168,228.141.1.71:7138,233.3.5.246:5246
296,Mir_24,820,YES,226.0.1.168:10168,226.0.1.168:10168,233.3.4.79:4079
297,Armenia_1,356,YES,226.0.5.101:20101,228.144.1.77:7721,233.3.4.84:4084
297,Armenia_1,1160,YES,226.0.5.101:20101,228.144.1.77:7721,233.3.5.247:5247
298,Home_4K,414,NO,225.0.7.119:10119,225.0.7.119:10119,233.3.3.230:3230
299,Fashion_&_Style_4K,847,YES,226.0.1.156:20156,226.0.1.156:20156,233.3.4.143:4143
301,Belarus_24,904,YES,226.0.1.183:10183,228.141.1.71:7135,233.3.5.250:5250
301,Belarus_24,620,YES,226.0.1.183:10183,226.0.1.183:10183,233.3.4.206:4206
302,CCTV4,1019,YES,226.0.1.175:20175,237.5.5.112:10112,233.3.5.143:5143
727,TRT_AVAZ_HD,973,NO,,226.0.3.210:10210,233.3.5.91:5091
327,DocuBox,180,YES,,228.144.1.77:7737,233.3.3.14:3014
328,Fun_fast_box_HD,974,YES,,226.0.3.125:20125,233.3.5.92:5092
724,Stereo_Plus_test,975,NO,,,233.3.5.93:5093
723,Imedi_HD_Test,977,NO,,237.7.7.252:17252,233.3.5.94:5094
722,Maestro_HD_Test,978,NO,,237.7.7.253:17253,233.3.5.95:5095
721,Tsinandali_2,979,NO,,237.7.7.189:17189,233.3.5.96:5096
736,Fashion_&_LifeStyle_Reserve,981,NO,,225.0.7.126:10126,233.3.5.98:5098
735,TV_25_satelite,982,NO,,228.142.1.73:7327,233.3.5.101:5101
734,tv_pirveli_satelite,983,NO,,226.0.1.166:10166,233.3.5.102:5102
733,MTAVARI_ARKHI_satelite,984,NO,,228.142.1.73:7320,233.3.5.103:5103
732,365_Days_SRT_reserve,985,NO,,227.145.1.79:7942,233.3.5.110:5110
731,ATV_Avrupa,648,NO,,226.0.5.106:10106,233.3.4.181:4181
730,ATV_Avrupa,442,NO,,226.0.5.106:10106,233.3.4.14:4014
325,Film_Box_Baltic,196,YES,,226.0.5.101:40101,233.3.3.30:3030
324,meteo24,369,YES,237.7.7.117:17117,237.7.7.117:17117,233.3.3.194:3194
331,Fight_box_HD,987,YES,226.0.1.184:10184,226.0.1.184:10184,233.3.5.112:5112
415,Mtavari_Arkhi_HD,988,NO,237.7.7.221:17221,237.7.7.221:17221,233.3.5.113:5113
414,Comedy_Arkhi_satelite,989,NO,226.0.1.166:10166,226.0.1.166:10166,233.3.5.114:5114
413,Rustavi_2_satelite,992,NO,,228.142.1.73:7325,233.3.5.116:5116
412,POS_TV_satelite,993,NO,226.0.1.166:10166,226.0.1.166:10166,233.3.5.117:5117
432,FORMULA_satelite,994,NO,226.0.3.121:10121,226.0.3.121:10121,233.3.5.118:5118
330,Gametoon_HD,995,YES,226.0.1.184:10184,226.0.1.184:10184,233.3.5.119:5119
332,Fashion_Box,996,YES,226.0.3.125:20125,226.0.3.125:20125,233.3.5.120:5120
329,360_Tune_Box,997,YES,226.0.3.125:20125,226.0.3.125:20125,233.3.5.121:5121
335,Erox,998,NO,226.0.3.127:30127,226.0.3.127:30127,233.3.5.122:5122
337,Auto_Plus_SRT_reserve,1000,NO,,227.145.1.79:7952,233.3.5.124:5124
338,Palitra_news_test,1001,NO,229.0.3.153:11153,229.0.3.153:11153,233.3.5.125:5125
339,Music_box_test,1002,NO,229.0.3.152:11152,229.0.3.152:11152,233.3.5.126:5126
340,Indijskoe_kino_SRT_reserve,1003,NO,,227.145.1.79:7939,233.3.5.127:5127
341,Boxing_TV_SRT_reserve,1004,NO,,225.0.7.132:10132,233.3.5.128:5128
342,POS_TV_satelite,1005,NO,,,233.3.5.129:5129
343,English_Club_test,1006,NO,,226.0.2.43:31182,233.3.5.130:5130
344,IQ_HD_test,1007,NO,,225.0.4.84:10084,233.3.5.131:5131
345,TV3_test,1008,NO,,225.0.4.86:10086,233.3.5.132:5132
346,vip_hd,1009,NO,,237.7.7.5:17005,233.3.5.133:5133
347,vip_hit_sd,1010,NO,,237.7.7.6:17006,233.3.5.134:5134
348,vip_family_sd,1011,NO,,237.7.7.7:17007,233.3.5.135:5135
349,Sarafan_RESERV,1012,NO,,225.0.7.120:10120,233.3.5.136:5136
350,Space_TV,604,NO,,,233.3.4.193:4193
351,Azad,605,NO,,,233.3.4.194:4194
352,Imedi_ENCODER_RESERVE_droebit,1013,NO,,237.7.7.152:17152,233.3.5.137:5137
354,orujie_RESERV,1015,NO,,225.0.7.128:10128,233.3.5.139:5139
355,Maestro_ENCODER_RESERVE_droebit,1016,NO,,237.7.7.154:17154,233.3.5.140:5140
356,SILK_Documentary_HD_Reserve,624,NO,,225.0.4.137:5137,233.3.4.210:4210
357,Sapfir,1017,NO,,225.0.4.142:10142,233.3.5.141:5141
360,kineko,1020,NO,,225.0.4.144:10144,233.3.5.144:5144
362,365_Days_SRT_reserve,1022,NO,,225.0.7.107:10107,233.3.5.146:5146
367,First_Channel/TVschool_HD_Test,1027,NO,,237.7.7.172:17172,233.3.5.150:5150
369,ADJARASPORT_1_24mbps,1029,NO,,237.7.7.243:17243,233.3.5.152:5152
374,ADJARASPORT_2_24mbps,1034,NO,,237.7.7.245:17245,233.3.5.157:5157
375,Eroxxx_HD,1035,NO,,226.0.3.127:30127,233.3.5.158:5158
378,Pervy_Kanal,1038,NO,,,233.3.5.162:5162
379,Russia_1,1039,NO,,,233.3.5.163:5163
326,Film_Box_Arthouse,1042,YES,,226.0.5.101:40101,233.3.3.135:3135
326,Filmbox_Arthouse,1043,NO,,228.142.1.73:7313,233.3.3.136:3136
384,FenixPlus_RESERV,1044,NO,,225.0.7.127:10127,233.3.3.138:3138
329,360_Tunebox,862,NO,,228.143.1.75:7549,233.3.3.38:3038
332,Fashionbox,824,NO,,226.0.3.125:20125,233.3.4.136:4136
387,inter_plus,1047,NO,,225.0.4.249:20249,233.3.3.148:3148
388,Telecafe,866,NO,,,233.3.3.65:3065
390,Muxiani_Test_channel2,1050,NO,,,233.3.3.152:3152
391,Kinohit_SRT_reserve,463,NO,,227.145.1.79:7932,233.3.4.35:4035
325,FilmBox_baltic,395,NO,,228.142.1.73:7312,233.3.3.215:3215
393,Kinokomediya_SRT_reserve,212,NO,,227.145.1.79:7946,233.3.3.46:3046
394,Kinopremiera_SRT_reserve,865,NO,,225.0.7.130:10130,233.3.3.59:3059
395,Kinosemya_SRT_reserve,816,NO,,227.145.1.79:7955,233.3.4.74:4074
396,Kinoseriya_SRT_reserve,425,NO,,227.145.1.79:7938,233.3.3.225:3225
397,test,867,NO,,,233.3.3.66:3066
398,Pos_TV_DVB_T2,320,NO,,228.141.1.71:7130,233.3.3.146:3146
399,Fenix_Kino_srt,1059,NO,,227.145.1.79:7953,233.3.3.195:3195
401,Formula_test,193,NO,,237.7.7.171:17171,233.3.3.27:3027
403,Zee_TV_SRT_reserve,805,NO,,227.145.1.79:7950,233.3.5.80:5080
408,kto_kuda,1067,NO,,227.141.1.71:7105,233.3.3.218:3218
417,SILK_SPORT_HD1_Reserve,497,NO,,229.0.3.200:11200,233.3.4.69:4069
423,SILK_HOLLYWOOD_Reserve,105,NO,,225.0.4.134:5134,233.3.5.105:5105
424,SILK_KIDS_Reserve,106,NO,,225.0.4.136:5136,233.3.5.106:5106
425,SILK_Movie_Collection_Reserve,107,NO,,225.0.4.135:5135,233.3.5.107:5107
426,POS_TV,108,NO,,227.141.1.71:7110,233.3.5.108:5108
470,Silk_Sport_HD_1_teleport,1123,NO,,225.0.4.126:5126,233.3.5.204:5204
471,Silk_Sport_SD_1_teleport,1124,NO,,225.0.4.127:5127,233.3.5.205:5205
472,Silk_Sport_HD_2_teleport,1125,NO,,225.0.4.128:5128,233.3.5.206:5206
473,Silk_Sport_SD_2_teleport,1126,NO,,225.0.4.129:5129,233.3.5.207:5207
474,Silk_Sport_HD_3_teleport,1127,NO,,225.0.4.130:5130,233.3.5.208:5208
475,Silk_Sport_SD_3_teleport,1128,NO,,225.0.4.131:5131,233.3.5.209:5209
476,Silk_Universal_HD_teleport,1129,NO,,225.0.4.132:5132,233.3.5.210:5210
477,Silk_Universal_SD_teleport,1130,NO,,225.0.4.133:5133,233.3.5.211:5211
478,Silk_Documentary_HD_teleport,1131,NO,,225.0.4.137:5137,233.3.5.212:5212
479,Silk_Documentary_SD_teleport,1132,NO,,225.0.4.138:5138,233.3.5.213:5213
480,Silk_Movie_Collection_teleport,1133,NO,,225.0.4.135:5135,233.3.5.214:5214
481,Silk_Hollywood_Movies_teleport,1134,NO,,225.0.4.134:5134,233.3.5.215:5215
482,Silk_Kids_teleport,1135,NO,,225.0.4.136:5136,233.3.5.216:5216
334,4ever_Music,206,YES,,225.0.7.151:10151,233.3.3.40:3040
502,Kinoujas_SRT_reserve,549,NO,,227.145.1.79:7935,233.3.4.118:4118
503,RTD,415,NO,,226.0.3.178:10178,233.3.3.231:3231
504,Glazami_Turista_HD_SRT,848,NO,,225.0.7.124:10124,233.3.3.70:3070
510,Marao_DVB_T2,721,NO,,237.5.5.33:10033,233.3.5.45:5045
513,Erox,1161,NO,,228.143.1.75:7548,233.3.5.248:5248
514,I_Stereo_OPT_TEST,921,NO,,,233.3.3.91:3091
516,eu_music_srt,922,NO,,225.0.7.150:10150,233.3.3.92:3092
521,Luxury,622,NO,,,233.3.4.208:4208
522,Palitranews_test,684,NO,,,233.3.5.8:5008
525,Malysh_SRT_reserve,722,NO,,227.145.1.79:7947,233.3.5.46:5046
529,Muzhskoe_kino_SRT_reserve,729,NO,,227.145.1.79:7941,233.3.4.4:4004
530,Medeniyyet_TV_HD,388,NO,,226.0.1.156:40156,233.3.3.208:3208
531,Kinosvidanie_SRT_reserve,477,NO,,227.145.1.79:7934,233.3.4.49:4049
532,Kuhnia_TV_SRT_reserve,359,NO,,227.145.1.79:7931,233.3.3.185:3185
534,Discovery_Channel,255,NO,,,233.3.3.89:3089
535,Discovery_Science,354,NO,,,233.3.3.180:3180
536,TLC,448,NO,,,233.3.4.20:4020
536,TLC,352,NO,,226.0.1.198:10198,233.3.3.178:3178
537,DTX,353,NO,,,233.3.3.179:3179
537,La_Minor_SRT_reserve,449,NO,,227.145.1.79:7956,233.3.4.21:4021
538,Animal_Planet,577,NO,,,233.3.4.145:4145
538,Animal_Planet,319,NO,,226.0.1.173:10173,233.3.3.145:3145
539,Eurosport,262,NO,,229.0.3.105:14105,233.3.3.94:3094
540,Eurosport_2,169,NO,,229.0.3.82:14082,233.3.3.3:3003
541,Eurosport_HD,390,NO,,229.0.3.105:11105,233.3.3.210:3210
542,Eurosport_2_HD,774,NO,,229.0.3.82:11082,233.3.3.15:3015
543,UdarTV,811,NO,,225.0.7.129:10129,233.3.3.43:3043
561,muxiani_test_dsl,542,NO,,237.7.171.83:11183,233.3.4.111:4111
563,Glazami_Turista_4K_SRT,488,NO,,225.0.7.149:10149,233.3.4.60:4060
564,Sumiko_HD_SRT,716,NO,,225.0.7.135:10135,233.3.5.40:5040
600,mtv_azerbaijan_sd,339,NO,,226.0.1.156:40156,233.3.3.164:3164
620,livenature_hd,1046,NO,,225.0.7.125:10125,233.3.3.143:3143
621,tourist_eyes_hd,1045,NO,,225.0.7.124:10124,233.3.3.139:3139
622,zhivi_aktivno_hd,1053,NO,,225.0.7.123:10123,233.3.3.177:3177
625,History 2_HD SRT,732,NO,,225.0.7.147:10147,233.3.4.7:4007
628,GTTV_Test,843,NO,,237.7.7.153:17153,233.3.5.75:5075
641,KVN_TV_SRT_reserve,536,NO,,227.145.1.79:7954,233.3.4.105:4105
642,Kinomiks_SRT_reserve,537,NO,,227.145.1.79:7949,233.3.4.106:4106
645,1_CHANNEL_SAT_MPEG4,540,NO,,227.141.1.71:7124,233.3.4.109:4109
648,Stereo_Plus_DVB_T2,543,NO,,237.5.5.35:10035,233.3.4.112:4112
649,Obieqtivi_Sat,544,NO,226.0.1.166:10166,227.141.1.71:7127,233.3.4.113:4113
651,SILK_SPORT_HD2_Reserve,546,NO,,225.0.4.128:5128,233.3.4.115:4115
653,Russkaia_Noch_SRT_reserve,706,NO,,227.145.1.79:7951,233.3.5.30:5030
657,Nostalgia_SRT_reserve,552,NO,,228.144.1.77:7740,233.3.4.121:4121
659,SILK_SPORT_2_SD_Reserve,554,NO,,225.0.4.129:5129,233.3.4.123:4123
660,SILK_SPORT_1_SD_Reserve,555,NO,,225.0.4.127:5127,233.3.4.124:4124
661,Kids_TV_HD_SRT,556,NO,,225.0.7.148:10148,233.3.4.125:4125
666,Channel_1_encoder,561,NO,,228.141.1.71:7102,233.3.4.130:4130
667,Rustavi_2_Delisi_Encoder,562,NO,,228.141.1.71:7119,233.3.4.131:4131
670,EBS_+_HD,565,NO,,226.0.3.212:10212,233.3.4.134:4134
673,History HD SRT,547,NO,,225.0.7.146:10146,233.3.4.116:4116
675,Imedi_Sat,972,NO,,228.143.1.75:7551,233.3.5.89:5089
676,SILK_Documentary_SD_Reserve,279,NO,,225.0.4.138:5138,233.3.3.110:3110
678,Curiosity_SRT,966,NO,,225.0.7.145:10145,233.3.5.83:5083
687,Boxing_TV_SRT_reserve,1052,NO,,225.0.7.132:10132,233.3.3.159:3159
690,Comedy_Arkhi_satelite,964,NO,,228.143.1.75:7555,233.3.4.237:4237
698,Jivaiai_Planeta_RESERV,413,NO,,225.0.7.121:10121,233.3.3.229:3229
700,Rustavi_2,283,NO,,237.7.7.106:10106,233.3.3.114:3114
700,Rustavi_2,475,NO,,237.7.7.105:10105,233.3.4.47:4047
702,Muxiani_Test_Channel,798,NO,,225.0.7.159:10159,233.3.3.26:3026
706,Rodnoe_Kino_SRT_reserve,1048,NO,,227.145.1.79:7944,233.3.3.150:3150
707,Nashe_Novoe_Kino_SRT_reserve,1107,NO,,227.145.1.79:7948,233.3.5.187:5187
750,EBS_HD,785,NO,,226.0.3.212:10212,233.3.3.21:3021
787,SILK_SPORT_3_HD_12MB,971,NO,,,233.3.5.88:5088
800,Jivi_SRT_reserve,626,NO,,225.0.7.134:10134,233.3.4.212:4212
812,Soyuz_tv,617,NO,,226.0.1.151:10151,233.3.4.203:4203
814,Spas,619,NO,,225.0.4.44:25059,233.3.4.205:4205
820,First_Channel_SD_DVB_T2,965,NO,,228.141.1.71:7107,233.3.4.238:4238
821,Obieqtivi_DVB_T2,338,NO,,228.141.1.71:7128,233.3.3.163:3163
822,Adjara_TV_SAT,627,NO,,228.142.1.73:7324,233.3.4.213:4213
825,TV_25_HD,926,NO,,237.7.7.145:17145,233.3.3.99:3099
828,Palitra_News_HD,633,NO,,237.7.7.137:10137,233.3.4.219:4219
845,cbc_azerbaijan_HD,205,NO,,226.0.1.156:40156,233.3.3.39:3039
848,Auto_Plus_SRT_reserve,731,NO,,225.0.7.115:10115,233.3.4.6:4006
852,Imedi_DVB_T2,878,NO,,228.141.1.71:7132,233.3.4.170:4170
857,1_CHANNEL_SAT_MPEG4,568,NO,,228.143.1.75:7510,233.3.4.137:4137
857,Nickelodeon_Global_HD_SRT,914,NO,,225.0.7.138:10138,233.3.5.160:5160
900,Adjara_TV_SAT,218,NO,,228.142.1.73:7324,233.3.3.52:3052
901,GDS_Satelit,682,NO,,228.141.1.71:7125,233.3.5.6:5006
902,test_drm,215,NO,,229.0.3.99:11099,233.3.3.49:3049
903,KinopremieraTVSD,905,NO,,225.0.7.133:10133,233.3.5.251:5251
905,RTI,664,NO,,226.0.1.174:10174,233.3.4.222:4222
906,24_TV,665,NO,,226.0.3.202:10202,233.3.4.223:4223
908,TGRT_Haber,432,NO,,226.0.3.203:10203,233.3.5.55:5055
909,TGRT_EU,433,NO,,226.0.3.203:10203,233.3.5.56:5056
910,TGRT_Belgesel,885,NO,,226.0.3.203:10203,233.3.3.75:3075
911,Power_Turk,740,NO,,226.0.3.204:10204,233.3.4.242:4242
912,Euro_star,907,NO,,226.0.3.205:10205,233.3.5.253:5253
913,Power_TV,330,NO,,226.0.3.204:10204,233.3.3.156:3156
914,360_TV,645,NO,,226.0.3.206:10206,233.3.4.178:4178
316,TRT_Muzik,306,YES,226.0.3.208:10208,226.0.3.208:10208,233.3.5.52:5052
322,TRT_Cocuk,332,YES,226.0.3.208:10208,226.0.3.208:10208,233.3.3.158:3158
317,TRT_Turk,445,YES,226.0.3.208:10208,226.0.3.208:10208,233.3.4.17:4017
319,TRT_Belgesel,286,YES,226.0.3.208:10208,226.0.3.208:10208,233.3.3.117:3117
919,TRT_HABER_HD,340,NO,,226.0.3.208:10208,233.3.3.165:3165
320,TRT_Spor,490,YES,226.0.3.208:10208,226.0.3.208:10208,233.3.4.62:4062
923,TRT_Kurdi_HD,671,NO,,226.0.3.208:10208,233.3.4.229:4229
924,TRT_World_HD,674,NO,,226.0.3.208:10208,233.3.4.232:4232
926,TRT_Arabic_HD,297,NO,,226.0.3.210:10210,233.3.4.96:4096
927,Ulke_TV_HD,548,NO,,226.0.3.211:10211,233.3.4.117:4117
304,ITV,484,YES,226.0.1.145:10145,226.0.1.145:10145,233.3.4.56:4056
930,Tsinandali_teleport,642,NO,,229.0.1.175:29175,233.3.4.175:4175
931,First_Channel_HD_DVB_T2,753,NO,,237.5.5.24:10024,233.3.3.6:3006
933,RTB_TV,854,NO,,226.0.3.212:10212,233.3.3.36:3036
934,TV_International ,855,NO,,226.0.3.212:10212,233.3.3.37:3037
935,TV_Congo,396,NO,,226.0.3.137:10137,233.3.3.216:3216
938,A_Spor_HD,372,NO,,226.0.5.104:20104,233.3.3.197:3197
321,TRT_2,491,YES,226.0.5.106:20106,226.0.5.106:20106,233.3.4.63:4063
942,Atv_Turq,638,NO,,226.0.5.104:20104,233.3.4.171:4171
944,New_teleport_test,609,NO,,225.0.4.200:5200,233.3.5.198:5198
951,Comedy_Arkhi_DVB_T2,728,NO,,237.5.5.32:10032,233.3.4.3:4003
959,First_Channel_Sport_DVB_T2,906,NO,,237.5.5.25:10025,233.3.5.252:5252
960,GDS_Satelit,780,NO,,226.0.1.166:10166,233.3.3.25:3025
962,AL_Jazeera,216,NO,,226.0.1.194:10194,233.3.3.50:3050
963,Ertsulovneba_DVB_T2,321,NO,,237.5.5.43:10043,233.3.3.147:3147
964,Channel_1_encoder,348,NO,,237.7.7.247:10247,233.3.3.174:3174
967,SILK_Universal_SD_Reserve,252,NO,,225.0.4.133:5133,233.3.3.86:3086
968,Mtavari_Arkhi_DVB_T2,418,NO,,237.5.5.37:10037,233.3.3.234:3234
969,Ewtn,857,NO,,226.0.2.42:21152,233.3.4.182:4182
970,Formula_DVB_T2,858,NO,,237.5.5.30:10030,233.3.4.250:4250
973,TV_Pirveli_DVB_T2,742,NO,,237.5.5.31:10031,233.3.4.244:4244
974,FORMULA_satelite,852,NO,,227.144.1.77:7716,233.3.3.74:3074
975,Indijskoe_kino_SRT_reserve,305,NO,,225.0.7.105:10105,233.3.5.51:5051
976,Silk_Universal_DVB_T2,349,NO,,237.5.5.39:10039,233.3.3.175:3175
977,SILK_SPORT_HD3_Reserve,455,NO,,225.0.4.130:5130,233.3.4.27:4027
978,Pos_TV_DVB_T2,336,NO,,237.5.5.41:10041,233.3.3.161:3161
980,SILK_Universal_HD_Reserve,902,NO,,237.7.7.4:27004,233.3.3.81:3081
982,Tsinandali,888,NO,,237.7.7.190:17190,233.3.5.61:5061
983,Kineko_HD,307,NO,,225.0.7.152:10152,233.3.5.53:5053
984,diarem_1,692,NO,,229.0.3.100:11100,233.3.5.16:5016
985,Space_tv_HD,874,NO,,226.0.1.171:10171,233.3.3.132:3132
986,Rustavi_2_DVB_T2,876,NO,,237.5.5.29:10029,233.3.5.60:5060
987,GDS_DVB_T2,877,NO,,237.5.5.28:10028,233.3.3.79:3079
988,Xazar_tv_HD,660,NO,,226.0.1.171:10171,233.3.4.192:4192
989,ARB24_HD,879,NO,,226.0.5.105:40105,233.3.4.252:4252
990,ARB_HD,666,NO,,226.0.5.105:40105,233.3.4.224:4224
991,Adjara_TV_DVB_T2,409,NO,,237.5.5.26:10026,233.3.3.226:3226
305,Kanal_5,277,YES,226.0.5.110:20110,226.0.5.110:20110,233.3.3.108:3108
993,ARB_Gunes_HD,646,NO,,226.0.5.110:20110,233.3.4.179:4179
995,TMB_TV_HD,412,NO,,226.0.2.41:11041,233.3.3.228:3228
997,Real_TV_HD,690,NO,,226.0.1.145:10145,233.3.5.14:5014
998,dunya _TV,856,NO,,226.0.1.145:10145,233.3.4.166:4166
389,TV1000_action,863,NO,,225.0.4.90:10090,233.3.3.48:3048
409,Viasat_History,1068,NO,,225.0.4.93:10093,233.3.3.219:3219
592,Viasat_Sport,607,NO,,225.0.4.95:10095,233.3.4.196:4196
806,Viasat_Nature,611,NO,,225.0.4.94:10094,233.3.4.253:4253
904,Viasat_Explorer,908,NO,,225.0.4.92:10092,233.3.5.254:5254
920,TV_1000,219,NO,,225.0.4.91:10091,233.3.3.53:3053
971,TV_1000_Russkaia_Kino,304,NO,,225.0.4.89:10089,233.3.5.50:5050
623,drm_test_-_srt_test,710,NO,,225.0.7.160:10160,233.3.5.34:5034
315,BLOOMBERG_HT,999,YES,226.0.3.136:10136,226.0.3.125:40125,233.3.5.123:5123
363,HABERTURK,1023,NO,226.0.3.136:10136,226.0.3.125:40125,233.3.5.147:5147
314,TV8-INT,1024,YES,226.0.5.107:10107,226.0.5.107:10107,233.3.5.148:5148
365,SHOWMAX,1025,NO,226.0.5.108:10108,226.0.5.108:30108,233.3.3.149:3149
318,DREAM_TURK,1030,YES,226.0.5.107:10107,226.0.5.107:10107,233.3.5.153:5153
371,KANAL_AVRUPA,1031,NO,,226.0.5.101:10101,233.3.5.154:5154
372,TELE_1,1032,NO,,226.0.5.107:10107,233.3.5.155:5155
373,SHOWTURK,1033,NO,,226.0.3.125:40125,233.3.5.156:5156
380,KANAL7-AVRUPA,1040,NO,,226.0.5.107:30107,233.3.5.164:5164
312,ARB_TV_HD,1041,YES,226.0.5.105:40105,226.0.5.105:40105,233.3.3.134:3134
313,Dunya_TV,506,YES,226.0.1.145:10145,226.0.1.145:10145,233.3.4.77:4077
310,Khazar_TV,1060,YES,226.0.1.171:10171,226.0.1.171:10171,233.3.3.199:3199
515,ARB_24_TV_HD,970,NO,,226.0.5.105:40105,233.3.5.87:5087
517,Real_TV,967,NO,,226.0.1.145:10145,233.3.5.84:5084
323,EURO_D,1109,YES,226.0.5.107:10107,226.0.5.107:10107,233.3.5.189:5189
311,Baku_TV_HD,960,YES,226.0.1.143:10143,226.0.1.143:10143,233.3.3.133:3133
309,TMB_TV_Azerbaijan,968,YES,226.0.1.143:10143,226.0.3.136:10136,233.3.5.85:5085
307,Space_TV,917,YES,226.0.1.171:10171,226.0.1.171:10171,233.3.3.83:3083
877,CBC_TV,918,NO,,226.0.1.145:10145,233.3.3.84:3084
306,M_TV_Azerbaijan,860,YES,226.0.1.171:10171,226.0.1.171:10171,233.3.3.118:3118
937,Gunesh_TV,864,NO,,226.0.5.110:20110,233.3.3.51:3051
308,Medeniyyet_TV,814,YES,226.0.1.171:10171,226.0.1.171:10171,233.3.4.39:4039
654,Black_SRT_test,444,NO,,225.0.7.200:10200,233.3.4.16:4016
656,Red_SRT_test,450,NO,,225.0.7.201:10201,233.3.4.22:4022
658,Sci-Fi_SRT_test,606,NO,,225.0.7.202:10202,233.3.4.195:4195
846,TRT_SPOR_2_YILDIZ_HD,641,NO,,226.0.5.106:20106,233.3.4.174:4174
568,Romance_TV,969,NO,226.0.1.154:10154,226.0.1.154:10154,233.3.5.86:5086
526,setanta_sport_2,481,NO,,225.0.7.156:10156,233.3.4.53:4053
527,setanta_sport_1,362,NO,,225.0.7.155:10155,233.3.3.188:3188
539,setanta_sport_3,443,NO,,225.0.7.157:10157,233.3.4.15:4015
289,TAFU_TV,550,YES,,237.7.7.17:17017,233.3.4.119:4119
972,fuel_tv,394,NO,,225.0.7.141:10141,233.3.3.214:3214
540,ESPRESO_SRT,461,NO,,225.0.7.144:10144,233.3.4.33:4033
560,TV24_SD_test,840,NO,,237.7.7.139:10139,233.3.5.72:5072
786,VLAN141-7102,786,NO,,228.141.1.71:7102,233.3.3.22:3022
856,VLAN141-7101,331,NO,,228.141.1.71:7101,233.3.3.157:3157
300,RTVI,1036,NO,,228.144.1.77:7736,233.3.5.159:5159
601,cnn_news_leveling,281,NO,,228.145.1.81:8101,233.3.3.112:3112
611,cnn_news_NO_leveling,476,NO,,228.145.1.81:8102,233.3.4.48:4048
603,TV_Pirveli_leveling,919,NO,,228.145.1.81:8103,233.3.3.85:3085
612,TV_Pirveli_NO_leveling,923,NO,,228.145.1.81:8104,233.3.3.93:3093
605,Silk_Kids_leveling,930,NO,,228.145.1.81:8105,233.3.3.109:3109
613,Silk_Kids_NO_leveling,931,NO,,228.145.1.81:8106,233.3.4.86:4086
607,mama_leveling,935,NO,,228.145.1.81:8107,233.3.4.90:4090
614,mama_NO_leveling,229,NO,,228.145.1.81:8108,233.3.3.63:3063
609,TRT_Sport_ildyz_leveling,662,NO,,228.145.1.81:8109,233.3.4.220:4220
615,TRT_Sport_ildyz_NO_leveling,210,NO,,228.145.1.81:8110,233.3.3.44:3044
685,Obieqtivi_SRT_Test,608,NO,,225.0.7.141:10141,233.3.4.133:4133
584,MMA_TV_SRT_TEST,1037,NO,,225.0.7.173:10173,233.3.5.161:5161
565,rtvi_sd,598,NO,,225.0.7.176:10176,233.3.4.165:4165
631,kto_est_kto_SRT_test,702,NO,,225.0.7.178:10178,233.3.5.26:5026
